Crop,State,Cost of Cultivation (`/Hectare) A2+FL,Cost of Cultivation (`/Hectare) C2,Cost of Production (`/Quintal) C2,Yield (Quintal/ Hectare) ,Crop             ,Production 2006-07,Production 2007-08,Production 2008-09,Production 2009-10,Production 2010-11,Area 2006-07,Area 2007-08,Area 2008-09,Area 2009-10,Area 2010-11,Yield 2006-07,Yield 2007-08,Yield 2008-09,Yield 2009-10,Yield 2010-11,Variety,Season/ duration in days,Recommended Zone,Unnamed: 4,2004-05,2005-06,2006-07,2007-08,2008-09,2009-10,2010-11,2011-12
1,12,9794.05,23076.74,1941.55,9.83,0,0.0,0.0,0.0,0.0,0.0,0.0,0.0,0.0,0.0,0.0,0.0,0.0,0.0,0.0,0.0,1,1,0,0.0,0.0,0.0,0.0,0.0,0.0,0.0,0.0,0.0
1,5,10593.15,16528.68,2172.46,7.47,0,0.0,0.0,0.0,0.0,0.0,0.0,0.0,0.0,0.0,0.0,0.0,0.0,0.0,0.0,0.0,1,1,0,0.0,0.0,0.0,0.0,0.0,0.0,0.0,0.0,0.0
1,3,13468.82,19551.9,1898.3,9.59,0,0.0,0.0,0.0,0.0,0.0,0.0,0.0,0.0,0.0,0.0,0.0,0.0,0.0,0.0,0.0,1,1,0,0.0,0.0,0.0,0.0,0.0,0.0,0.0,0.0,0.0
1,1,17051.66,24171.65,3670.54,6.42,0,0.0,0.0,0.0,0.0,0.0,0.0,0.0,0.0,0.0,0.0,0.0,0.0,0.0,0.0,0.0,1,1,0,0.0,0.0,0.0,0.0,0.0,0.0,0.0,0.0,0.0
1,7,17130.55,25270.26,2775.8,8.72,0,0.0,0.0,0.0,0.0,0.0,0.0,0.0,0.0,0.0,0.0,0.0,0.0,0.0,0.0,0.0,1,1,0,0.0,0.0,0.0,0.0,0.0,0.0,0.0,0.0,0.0
5,7,23711.44,33116.82,2539.47,12.69,0,0.0,0.0,0.0,0.0,0.0,0.0,0.0,0.0,0.0,0.0,0.0,0.0,0.0,0.0,0.0,1,1,0,0.0,0.0,0.0,0.0,0.0,0.0,0.0,0.0,0.0
5,9,29047.1,50828.83,2003.76,24.39,0,0.0,0.0,0.0,0.0,0.0,0.0,0.0,0.0,0.0,0.0,0.0,0.0,0.0,0.0,0.0,1,1,0,0.0,0.0,0.0,0.0,0.0,0.0,0.0,0.0,0.0
5,1,29140.77,44756.72,2509.99,17.83,0,0.0,0.0,0.0,0.0,0.0,0.0,0.0,0.0,0.0,0.0,0.0,0.0,0.0,0.0,0.0,1,1,0,0.0,0.0,0.0,0.0,0.0,0.0,0.0,0.0,0.0
5,3,29616.09,42070.44,2179.26,19.05,0,0.0,0.0,0.0,0.0,0.0,0.0,0.0,0.0,0.0,0.0,0.0,0.0,0.0,0.0,0.0,1,1,0,0.0,0.0,0.0,0.0,0.0,0.0,0.0,0.0,0.0
5,4,29918.97,44018.18,2127.35,19.9,0,0.0,0.0,0.0,0.0,0.0,0.0,0.0,0.0,0.0,0.0,0.0,0.0,0.0,0.0,0.0,1,1,0,0.0,0.0,0.0,0.0,0.0,0.0,0.0,0.0,0.0
18,10,8552.69,12610.85,1691.66,6.83,0,0.0,0.0,0.0,0.0,0.0,0.0,0.0,0.0,0.0,0.0,0.0,0.0,0.0,0.0,0.0,1,1,0,0.0,0.0,0.0,0.0,0.0,0.0,0.0,0.0,0.0
18,6,9803.89,16873.17,1551.94,10.29,0,0.0,0.0,0.0,0.0,0.0,0.0,0.0,0.0,0.0,0.0,0.0,0.0,0.0,0.0,0.0,1,1,0,0.0,0.0,0.0,0.0,0.0,0.0,0.0,0.0,0.0
18,12,12833.04,21618.43,1882.68,10.93,0,0.0,0.0,0.0,0.0,0.0,0.0,0.0,0.0,0.0,0.0,0.0,0.0,0.0,0.0,0.0,1,1,0,0.0,0.0,0.0,0.0,0.0,0.0,0.0,0.0,0.0
18,7,12985.95,18679.33,2277.68,8.05,0,0.0,0.0,0.0,0.0,0.0,0.0,0.0,0.0,0.0,0.0,0.0,0.0,0.0,0.0,0.0,1,1,0,0.0,0.0,0.0,0.0,0.0,0.0,0.0,0.0,0.0
18,1,14421.98,26762.09,1559.04,16.69,0,0.0,0.0,0.0,0.0,0.0,0.0,0.0,0.0,0.0,0.0,0.0,0.0,0.0,0.0,0.0,1,1,0,0.0,0.0,0.0,0.0,0.0,0.0,0.0,0.0,0.0
19,5,13647.1,17314.2,3484.01,4.71,0,0.0,0.0,0.0,0.0,0.0,0.0,0.0,0.0,0.0,0.0,0.0,0.0,0.0,0.0,0.0,1,1,0,0.0,0.0,0.0,0.0,0.0,0.0,0.0,0.0,0.0
19,1,21229.01,30434.61,2554.91,11.97,0,0.0,0.0,0.0,0.0,0.0,0.0,0.0,0.0,0.0,0.0,0.0,0.0,0.0,0.0,0.0,1,1,0,0.0,0.0,0.0,0.0,0.0,0.0,0.0,0.0,0.0
19,11,22507.86,30393.66,2358.0,11.98,0,0.0,0.0,0.0,0.0,0.0,0.0,0.0,0.0,0.0,0.0,0.0,0.0,0.0,0.0,0.0,1,1,0,0.0,0.0,0.0,0.0,0.0,0.0,0.0,0.0,0.0
19,3,22951.28,30114.45,1918.92,13.45,0,0.0,0.0,0.0,0.0,0.0,0.0,0.0,0.0,0.0,0.0,0.0,0.0,0.0,0.0,0.0,1,1,0,0.0,0.0,0.0,0.0,0.0,0.0,0.0,0.0,0.0
19,7,26078.66,32683.46,3207.35,9.33,0,0.0,0.0,0.0,0.0,0.0,0.0,0.0,0.0,0.0,0.0,0.0,0.0,0.0,0.0,0.0,1,1,0,0.0,0.0,0.0,0.0,0.0,0.0,0.0,0.0,0.0
26,2,13513.92,19857.7,404.43,42.95,0,0.0,0.0,0.0,0.0,0.0,0.0,0.0,0.0,0.0,0.0,0.0,0.0,0.0,0.0,0.0,1,1,0,0.0,0.0,0.0,0.0,0.0,0.0,0.0,0.0,0.0
26,5,13792.85,20671.54,581.69,31.1,0,0.0,0.0,0.0,0.0,0.0,0.0,0.0,0.0,0.0,0.0,0.0,0.0,0.0,0.0,0.0,1,1,0,0.0,0.0,0.0,0.0,0.0,0.0,0.0,0.0,0.0
26,10,14421.46,19810.29,658.77,23.56,0,0.0,0.0,0.0,0.0,0.0,0.0,0.0,0.0,0.0,0.0,0.0,0.0,0.0,0.0,0.0,1,1,0,0.0,0.0,0.0,0.0,0.0,0.0,0.0,0.0,0.0
26,12,15635.43,21045.11,1387.36,13.7,0,0.0,0.0,0.0,0.0,0.0,0.0,0.0,0.0,0.0,0.0,0.0,0.0,0.0,0.0,0.0,1,1,0,0.0,0.0,0.0,0.0,0.0,0.0,0.0,0.0,0.0
26,1,25687.09,37801.85,840.58,42.68,0,0.0,0.0,0.0,0.0,0.0,0.0,0.0,0.0,0.0,0.0,0.0,0.0,0.0,0.0,0.0,1,1,0,0.0,0.0,0.0,0.0,0.0,0.0,0.0,0.0,0.0
27,8,5483.54,8266.98,2614.14,3.01,0,0.0,0.0,0.0,0.0,0.0,0.0,0.0,0.0,0.0,0.0,0.0,0.0,0.0,0.0,0.0,1,1,0,0.0,0.0,0.0,0.0,0.0,0.0,0.0,0.0,0.0
27,10,6204.23,9165.59,2068.67,4.05,0,0.0,0.0,0.0,0.0,0.0,0.0,0.0,0.0,0.0,0.0,0.0,0.0,0.0,0.0,0.0,1,1,0,0.0,0.0,0.0,0.0,0.0,0.0,0.0,0.0,0.0
27,5,6440.64,7868.64,5777.48,1.32,0,0.0,0.0,0.0,0.0,0.0,0.0,0.0,0.0,0.0,0.0,0.0,0.0,0.0,0.0,0.0,1,1,0,0.0,0.0,0.0,0.0,0.0,0.0,0.0,0.0,0.0
27,1,6684.18,13209.32,2228.97,5.9,0,0.0,0.0,0.0,0.0,0.0,0.0,0.0,0.0,0.0,0.0,0.0,0.0,0.0,0.0,0.0,1,1,0,0.0,0.0,0.0,0.0,0.0,0.0,0.0,0.0,0.0
27,7,10780.76,15371.45,2261.24,6.7,0,0.0,0.0,0.0,0.0,0.0,0.0,0.0,0.0,0.0,0.0,0.0,0.0,0.0,0.0,0.0,1,1,0,0.0,0.0,0.0,0.0,0.0,0.0,0.0,0.0,0.0
35,12,17022.0,28144.5,732.62,36.61,0,0.0,0.0,0.0,0.0,0.0,0.0,0.0,0.0,0.0,0.0,0.0,0.0,0.0,0.0,0.0,1,1,0,0.0,0.0,0.0,0.0,0.0,0.0,0.0,0.0,0.0
35,8,17478.05,25909.05,715.04,32.42,0,0.0,0.0,0.0,0.0,0.0,0.0,0.0,0.0,0.0,0.0,0.0,0.0,0.0,0.0,0.0,1,1,0,0.0,0.0,0.0,0.0,0.0,0.0,0.0,0.0,0.0
35,13,24731.06,33046.12,731.25,39.04,0,0.0,0.0,0.0,0.0,0.0,0.0,0.0,0.0,0.0,0.0,0.0,0.0,0.0,0.0,0.0,1,1,0,0.0,0.0,0.0,0.0,0.0,0.0,0.0,0.0,0.0
35,9,25154.75,45291.24,669.86,67.41,0,0.0,0.0,0.0,0.0,0.0,0.0,0.0,0.0,0.0,0.0,0.0,0.0,0.0,0.0,0.0,1,1,0,0.0,0.0,0.0,0.0,0.0,0.0,0.0,0.0,0.0
35,1,29664.84,46450.2,789.9,56.0,0,0.0,0.0,0.0,0.0,0.0,0.0,0.0,0.0,0.0,0.0,0.0,0.0,0.0,0.0,0.0,1,1,0,0.0,0.0,0.0,0.0,0.0,0.0,0.0,0.0,0.0
39,6,8686.43,17705.93,1279.6,12.94,0,0.0,0.0,0.0,0.0,0.0,0.0,0.0,0.0,0.0,0.0,0.0,0.0,0.0,0.0,0.0,1,1,0,0.0,0.0,0.0,0.0,0.0,0.0,0.0,0.0,0.0
39,10,11385.7,19259.84,1341.29,13.54,0,0.0,0.0,0.0,0.0,0.0,0.0,0.0,0.0,0.0,0.0,0.0,0.0,0.0,0.0,0.0,1,1,0,0.0,0.0,0.0,0.0,0.0,0.0,0.0,0.0,0.0
39,12,12774.41,22560.3,1595.56,13.57,0,0.0,0.0,0.0,0.0,0.0,0.0,0.0,0.0,0.0,0.0,0.0,0.0,0.0,0.0,0.0,1,1,0,0.0,0.0,0.0,0.0,0.0,0.0,0.0,0.0,0.0
39,3,13740.64,19083.55,1610.4,11.61,0,0.0,0.0,0.0,0.0,0.0,0.0,0.0,0.0,0.0,0.0,0.0,0.0,0.0,0.0,0.0,1,1,0,0.0,0.0,0.0,0.0,0.0,0.0,0.0,0.0,0.0
39,4,14715.27,27507.54,1251.12,19.94,0,0.0,0.0,0.0,0.0,0.0,0.0,0.0,0.0,0.0,0.0,0.0,0.0,0.0,0.0,0.0,1,1,0,0.0,0.0,0.0,0.0,0.0,0.0,0.0,0.0,0.0
41,12,24538.32,45239.51,93.64,448.89,0,0.0,0.0,0.0,0.0,0.0,0.0,0.0,0.0,0.0,0.0,0.0,0.0,0.0,0.0,0.0,1,1,0,0.0,0.0,0.0,0.0,0.0,0.0,0.0,0.0,0.0
41,5,55655.44,86765.77,86.53,986.21,0,0.0,0.0,0.0,0.0,0.0,0.0,0.0,0.0,0.0,0.0,0.0,0.0,0.0,0.0,0.0,1,1,0,0.0,0.0,0.0,0.0,0.0,0.0,0.0,0.0,0.0
41,1,56621.16,91442.63,119.72,757.92,0,0.0,0.0,0.0,0.0,0.0,0.0,0.0,0.0,0.0,0.0,0.0,0.0,0.0,0.0,0.0,1,1,0,0.0,0.0,0.0,0.0,0.0,0.0,0.0,0.0,0.0
41,7,57673.6,85801.95,107.56,744.01,0,0.0,0.0,0.0,0.0,0.0,0.0,0.0,0.0,0.0,0.0,0.0,0.0,0.0,0.0,0.0,1,1,0,0.0,0.0,0.0,0.0,0.0,0.0,0.0,0.0,0.0
41,11,66335.06,89025.27,85.79,1015.45,0,0.0,0.0,0.0,0.0,0.0,0.0,0.0,0.0,0.0,0.0,0.0,0.0,0.0,0.0,0.0,1,1,0,0.0,0.0,0.0,0.0,0.0,0.0,0.0,0.0,0.0
48,6,12464.4,22489.75,810.25,23.59,0,0.0,0.0,0.0,0.0,0.0,0.0,0.0,0.0,0.0,0.0,0.0,0.0,0.0,0.0,0.0,1,1,0,0.0,0.0,0.0,0.0,0.0,0.0,0.0,0.0,0.0
48,9,17945.58,35423.48,804.8,39.83,0,0.0,0.0,0.0,0.0,0.0,0.0,0.0,0.0,0.0,0.0,0.0,0.0,0.0,0.0,0.0,1,1,0,0.0,0.0,0.0,0.0,0.0,0.0,0.0,0.0,0.0
48,12,18979.38,31902.74,769.84,34.99,0,0.0,0.0,0.0,0.0,0.0,0.0,0.0,0.0,0.0,0.0,0.0,0.0,0.0,0.0,0.0,1,1,0,0.0,0.0,0.0,0.0,0.0,0.0,0.0,0.0,0.0
48,10,19119.08,29876.36,683.58,37.19,0,0.0,0.0,0.0,0.0,0.0,0.0,0.0,0.0,0.0,0.0,0.0,0.0,0.0,0.0,0.0,1,1,0,0.0,0.0,0.0,0.0,0.0,0.0,0.0,0.0,0.0
0,0,0.0,0.0,0.0,0.0,48,158.8,168.6,171.3,159.4,178.9,128.5,128.8,127.6,126.0,131.7,123.6,130.9,134.3,126.5,135.9,1,1,0,0.0,0.0,0.0,0.0,0.0,0.0,0.0,0.0,0.0
0,0,0.0,0.0,0.0,0.0,34,200.8,207.9,213.3,191.6,206.4,168.5,168.9,175.1,161.2,164.8,119.2,123.1,121.8,118.9,125.2,1,1,0,0.0,0.0,0.0,0.0,0.0,0.0,0.0,0.0,0.0
0,0,0.0,0.0,0.0,0.0,55,131.6,136.4,140.1,140.3,150.8,115.0,115.2,114.0,116.9,119.5,114.4,118.4,122.8,120.0,126.3,1,1,0,0.0,0.0,0.0,0.0,0.0,0.0,0.0,0.0,0.0
0,0,0.0,0.0,0.0,0.0,21,124.3,137.8,126.0,116.5,121.8,120.7,110.6,107.3,111.0,105.2,103.0,124.6,117.4,105.0,115.8,1,1,0,0.0,0.0,0.0,0.0,0.0,0.0,0.0,0.0,0.0
0,0,0.0,0.0,0.0,0.0,3,136.4,161.5,143.9,105.4,167.9,94.5,95.1,87.0,88.5,95.6,144.3,169.7,165.4,119.0,175.8,1,1,0,0.0,0.0,0.0,0.0,0.0,0.0,0.0,0.0,0.0
0,0,0.0,0.0,0.0,0.0,25,198.8,249.6,259.8,220.1,286.0,156.1,160.5,161.6,163.4,169.1,127.3,155.5,160.7,134.7,169.1,1,1,0,0.0,0.0,0.0,0.0,0.0,0.0,0.0,0.0,0.0
0,0,0.0,0.0,0.0,0.0,32,56.1,83.6,79.3,73.4,85.2,60.2,70.9,70.6,64.8,65.8,93.2,117.9,112.2,113.2,129.6,1,1,0,0.0,0.0,0.0,0.0,0.0,0.0,0.0,0.0,0.0
0,0,0.0,0.0,0.0,0.0,39,53.9,61.9,50.0,42.9,82.0,50.9,52.3,45.6,41.8,45.0,106.0,118.3,109.7,102.7,182.4,1,1,0,0.0,0.0,0.0,0.0,0.0,0.0,0.0,0.0,0.0
0,0,0.0,0.0,0.0,0.0,5,88.1,79.3,112.0,89.9,110.3,72.8,67.9,79.5,70.2,79.4,121.0,116.9,141.0,127.9,138.9,1,1,0,0.0,0.0,0.0,0.0,0.0,0.0,0.0,0.0,0.0
0,0,0.0,0.0,0.0,0.0,10,138.5,166.4,163.5,137.0,178.4,106.4,105.6,101.8,102.6,105.4,130.1,157.6,160.7,133.5,169.2,1,1,0,0.0,0.0,0.0,0.0,0.0,0.0,0.0,0.0,0.0
0,0,0.0,0.0,0.0,0.0,9,164.1,174.6,177.7,164.4,183.1,130.0,129.9,130.3,126.8,129.8,126.3,134.4,136.4,129.7,141.1,1,1,0,0.0,0.0,0.0,0.0,0.0,0.0,0.0,0.0,0.0
0,0,0.0,0.0,0.0,0.0,19,140.6,127.6,156.5,165.9,182.5,122.3,123.1,128.8,133.3,149.9,115.0,103.7,121.7,124.5,121.7,1,1,0,0.0,0.0,0.0,0.0,0.0,0.0,0.0,0.0,0.0
0,0,0.0,0.0,0.0,0.0,2,97.0,128.9,94.9,103.3,119.9,99.7,104.3,94.5,97.0,122.2,97.3,123.6,100.4,106.5,98.1,1,1,0,0.0,0.0,0.0,0.0,0.0,0.0,0.0,0.0,0.0
0,0,0.0,0.0,0.0,0.0,30,139.1,148.9,131.4,118.4,179.5,131.3,133.8,117.1,126.1,139.1,105.9,111.3,112.2,93.9,129.0,1,1,0,0.0,0.0,0.0,0.0,0.0,0.0,0.0,0.0,0.0
0,0,0.0,0.0,0.0,0.0,52,130.3,135.4,133.7,134.5,167.4,122.1,124.4,116.3,122.6,139.0,106.7,108.8,114.9,109.7,120.4,1,1,0,0.0,0.0,0.0,0.0,0.0,0.0,0.0,0.0,0.0
0,0,0.0,0.0,0.0,0.0,50,155.4,156.8,141.2,143.2,168.4,126.6,128.6,131.5,126.7,136.5,122.8,122.0,107.4,113.1,123.4,1,1,0,0.0,0.0,0.0,0.0,0.0,0.0,0.0,0.0,0.0
0,0,0.0,0.0,0.0,0.0,51,148.2,150.9,140.8,135.9,169.0,124.8,126.2,129.0,126.1,134.0,118.7,119.6,109.1,107.8,126.1,1,1,0,0.0,0.0,0.0,0.0,0.0,0.0,0.0,0.0,0.0
0,0,0.0,0.0,0.0,0.0,20,115.2,217.5,169.8,128.6,195.7,124.1,139.1,136.3,121.1,129.5,92.8,156.3,124.6,106.2,151.2,1,1,0,0.0,0.0,0.0,0.0,0.0,0.0,0.0,0.0,0.0
0,0,0.0,0.0,0.0,0.0,38,95.5,116.8,98.8,90.8,137.9,74.2,78.4,78.8,84.6,90.7,128.7,149.1,125.4,107.4,151.9,1,1,0,0.0,0.0,0.0,0.0,0.0,0.0,0.0,0.0,0.0
0,0,0.0,0.0,0.0,0.0,33,138.7,108.8,134.3,123.2,152.5,107.0,91.8,99.3,88.1,108.8,129.6,118.5,135.2,139.9,140.2,1,1,0,0.0,0.0,0.0,0.0,0.0,0.0,0.0,0.0,0.0
0,0,0.0,0.0,0.0,0.0,24,55.9,54.4,56.4,51.2,48.8,47.9,51.3,44.8,37.5,39.4,116.8,106.1,126.0,136.5,123.9,1,1,0,0.0,0.0,0.0,0.0,0.0,0.0,0.0,0.0,0.0
0,0,0.0,0.0,0.0,0.0,8,124.7,172.3,191.6,165.0,220.9,91.7,114.8,126.4,107.2,128.5,136.0,150.1,151.5,153.9,171.9,1,1,0,0.0,0.0,0.0,0.0,0.0,0.0,0.0,0.0,0.0
0,0,0.0,0.0,0.0,0.0,36,67.3,62.8,53.0,50.1,42.1,55.8,47.4,43.6,42.6,36.1,120.6,132.6,121.5,117.5,116.7,1,1,0,0.0,0.0,0.0,0.0,0.0,0.0,0.0,0.0,0.0
0,0,0.0,0.0,0.0,0.0,27,65.1,59.0,63.0,53.8,58.0,75.7,65.8,63.5,60.6,59.9,86.0,89.6,99.2,88.8,96.9,1,1,0,0.0,0.0,0.0,0.0,0.0,0.0,0.0,0.0,0.0
0,0,0.0,0.0,0.0,0.0,42,161.3,192.3,152.2,111.8,85.6,175.0,154.5,146.5,119.3,75.1,92.2,124.5,103.9,93.7,114.0,1,1,0,0.0,0.0,0.0,0.0,0.0,0.0,0.0,0.0,0.0
0,0,0.0,0.0,0.0,0.0,40,253.2,313.8,283.4,285.1,364.4,222.7,237.5,254.5,260.3,256.8,113.7,132.1,111.4,109.5,141.9,1,1,0,0.0,0.0,0.0,0.0,0.0,0.0,0.0,0.0,0.0
0,0,0.0,0.0,0.0,0.0,28,147.1,180.2,167.9,150.7,196.7,126.1,126.9,131.0,123.4,129.4,116.7,142.0,128.1,122.1,152.0,1,1,0,0.0,0.0,0.0,0.0,0.0,0.0,0.0,0.0,0.0
0,0,0.0,0.0,0.0,0.0,11,142.7,91.4,91.4,97.5,97.7,123.5,121.4,121.4,120.9,120.9,115.5,75.3,75.3,80.7,80.8,1,1,0,0.0,0.0,0.0,0.0,0.0,0.0,0.0,0.0,0.0
0,0,0.0,0.0,0.0,0.0,14,186.1,212.8,183.2,197.5,271.3,121.7,125.3,125.2,134.8,149.5,152.9,169.9,146.3,146.5,181.5,1,1,0,0.0,0.0,0.0,0.0,0.0,0.0,0.0,0.0,0.0
0,0,0.0,0.0,0.0,0.0,47,186.1,203.5,179.1,196.6,239.3,118.3,121.7,120.9,129.4,141.9,157.3,167.2,148.2,152.0,168.6,1,1,0,0.0,0.0,0.0,0.0,0.0,0.0,0.0,0.0,0.0
0,0,0.0,0.0,0.0,0.0,15,213.1,243.8,209.8,226.2,310.8,121.7,125.3,125.2,134.8,149.5,175.2,194.6,167.6,167.8,207.9,1,1,0,0.0,0.0,0.0,0.0,0.0,0.0,0.0,0.0,0.0
0,0,0.0,0.0,0.0,0.0,22,220.3,218.3,205.8,239.8,213.8,103.6,106.4,102.6,106.0,101.1,212.7,205.2,200.5,226.3,211.5,1,1,0,0.0,0.0,0.0,0.0,0.0,0.0,0.0,0.0,0.0
0,0,0.0,0.0,0.0,0.0,26,81.7,84.6,62.4,50.1,52.2,67.2,69.1,54.5,44.5,46.6,121.6,122.5,114.6,112.7,112.0,1,1,0,0.0,0.0,0.0,0.0,0.0,0.0,0.0,0.0,0.0
0,0,0.0,0.0,0.0,0.0,23,200.7,199.6,184.5,210.4,189.1,95.7,98.3,92.2,92.7,89.3,209.7,203.0,200.1,227.0,211.8,1,1,0,0.0,0.0,0.0,0.0,0.0,0.0,0.0,0.0,0.0
0,0,0.0,0.0,0.0,0.0,37,97.9,93.0,87.8,69.0,109.9,54.2,51.4,45.0,45.0,47.6,180.7,182.7,195.2,179.4,230.9,1,1,0,0.0,0.0,0.0,0.0,0.0,0.0,0.0,0.0,0.0
0,0,0.0,0.0,0.0,0.0,45,132.2,132.8,132.0,132.0,132.0,135.3,137.8,137.8,137.8,137.8,97.7,96.3,95.8,95.8,95.8,1,1,0,0.0,0.0,0.0,0.0,0.0,0.0,0.0,0.0,0.0
0,0,0.0,0.0,0.0,0.0,12,138.0,139.8,139.9,154.5,161.1,117.9,119.8,121.9,123.7,125.4,117.0,116.7,114.8,125.0,128.5,1,1,0,0.0,0.0,0.0,0.0,0.0,0.0,0.0,0.0,0.0
0,0,0.0,0.0,0.0,0.0,35,215.5,208.6,216.5,210.1,210.1,98.6,138.1,143.8,149.2,149.2,218.5,151.1,151.9,140.9,140.9,1,1,0,0.0,0.0,0.0,0.0,0.0,0.0,0.0,0.0,0.0
0,0,0.0,0.0,0.0,0.0,53,1427.7,1571.5,1463.0,1430.3,1790.6,121.3,125.9,126.5,122.0,136.6,1176.6,1247.7,1156.8,1172.1,1310.8,1,1,0,0.0,0.0,0.0,0.0,0.0,0.0,0.0,0.0,0.0
0,0,0.0,0.0,0.0,0.0,6,134.2,91.5,92.2,99.2,101.1,130.8,104.7,126.9,104.2,97.8,102.6,87.4,72.7,95.2,103.4,1,1,0,0.0,0.0,0.0,0.0,0.0,0.0,0.0,0.0,0.0
0,0,0.0,0.0,0.0,0.0,16,163.5,170.8,167.1,158.3,160.9,83.6,88.3,85.4,84.0,86.8,195.5,193.4,195.8,188.4,185.5,1,1,0,0.0,0.0,0.0,0.0,0.0,0.0,0.0,0.0,0.0
0,0,0.0,0.0,0.0,0.0,17,206.3,200.6,199.3,202.0,368.1,176.2,172.9,180.4,179.4,247.4,117.1,116.0,110.5,112.6,148.8,1,1,0,0.0,0.0,0.0,0.0,0.0,0.0,0.0,0.0,0.0
0,0,0.0,0.0,0.0,0.0,54,158.6,160.1,165.5,159.8,200.2,134.3,131.9,136.2,136.2,146.7,118.1,121.4,121.5,117.4,136.4,1,1,0,0.0,0.0,0.0,0.0,0.0,0.0,0.0,0.0,0.0
0,0,0.0,0.0,0.0,0.0,1,182.5,184.3,185.5,184.3,184.3,167.7,169.5,169.7,175.4,175.4,108.8,108.7,109.3,105.1,105.1,1,1,0,0.0,0.0,0.0,0.0,0.0,0.0,0.0,0.0,0.0
0,0,0.0,0.0,0.0,0.0,7,159.2,135.8,157.1,159.2,162.2,93.4,77.8,87.5,85.8,82.7,170.5,174.7,179.6,185.6,196.1,1,1,0,0.0,0.0,0.0,0.0,0.0,0.0,0.0,0.0,0.0
0,0,0.0,0.0,0.0,0.0,13,126.4,167.9,131.3,128.5,261.3,79.1,94.8,97.9,88.8,130.7,159.8,177.2,134.1,144.7,199.9,1,1,0,0.0,0.0,0.0,0.0,0.0,0.0,0.0,0.0,0.0
0,0,0.0,0.0,0.0,0.0,18,226.2,311.3,242.1,243.0,308.2,187.6,241.6,195.8,194.4,236.8,120.6,128.8,123.6,125.0,130.1,1,1,0,0.0,0.0,0.0,0.0,0.0,0.0,0.0,0.0,0.0
0,0,0.0,0.0,0.0,0.0,49,162.6,184.9,241.9,240.3,274.5,139.3,145.0,173.8,170.9,188.3,116.7,127.5,139.2,140.6,145.7,1,1,0,0.0,0.0,0.0,0.0,0.0,0.0,0.0,0.0,0.0
0,0,0.0,0.0,0.0,0.0,31,135.7,174.2,210.5,223.8,259.1,142.2,148.8,175.1,175.8,178.4,95.5,117.1,120.2,127.4,145.2,1,1,0,0.0,0.0,0.0,0.0,0.0,0.0,0.0,0.0,0.0
0,0,0.0,0.0,0.0,0.0,44,146.4,151.5,167.1,140.0,140.3,105.1,103.9,114.8,95.1,90.6,139.2,145.7,145.6,147.1,154.8,1,1,0,0.0,0.0,0.0,0.0,0.0,0.0,0.0,0.0,0.0
0,0,0.0,0.0,0.0,0.0,43,81.1,79.3,94.2,92.1,88.1,75.8,75.4,88.4,84.6,80.4,106.9,105.2,106.6,108.8,109.6,1,1,0,0.0,0.0,0.0,0.0,0.0,0.0,0.0,0.0,0.0
0,0,0.0,0.0,0.0,0.0,29,240.5,247.3,367.1,329.1,409.1,207.7,208.4,246.8,223.6,314.7,115.8,118.7,148.8,147.1,130.0,1,1,0,0.0,0.0,0.0,0.0,0.0,0.0,0.0,0.0,0.0
0,0,0.0,0.0,0.0,0.0,4,189.3,201.1,298.8,301.7,339.4,117.6,131.2,174.8,189.8,204.6,161.0,153.3,171.0,159.0,165.9,1,1,0,0.0,0.0,0.0,0.0,0.0,0.0,0.0,0.0,0.0
0,0,0.0,0.0,0.0,0.0,41,149.8,146.7,120.1,123.2,144.3,142.6,140.0,122.2,115.6,135.2,105.1,104.8,98.3,106.6,106.7,1,1,0,0.0,0.0,0.0,0.0,0.0,0.0,0.0,0.0,0.0
0,0,0.0,0.0,0.0,0.0,46,88.1,83.6,96.4,105.3,140.9,88.8,83.9,94.2,107.1,118.8,99.1,88.3,102.4,109.6,118.6,1,1,0,0.0,0.0,0.0,0.0,0.0,0.0,0.0,0.0,0.0
36,0,0.0,0.0,0.0,0.0,0,0.0,0.0,0.0,0.0,0.0,0.0,0.0,0.0,0.0,0.0,0.0,0.0,0.0,0.0,0.0,13,38,5,0.0,0.0,0.0,0.0,0.0,0.0,0.0,0.0,0.0
36,0,0.0,0.0,0.0,0.0,0,0.0,0.0,0.0,0.0,0.0,0.0,0.0,0.0,0.0,0.0,0.0,0.0,0.0,0.0,0.0,0,1,0,0.0,0.0,0.0,0.0,0.0,0.0,0.0,0.0,0.0
36,0,0.0,0.0,0.0,0.0,0,0.0,0.0,0.0,0.0,0.0,0.0,0.0,0.0,0.0,0.0,0.0,0.0,0.0,0.0,0.0,32,39,10,0.0,0.0,0.0,0.0,0.0,0.0,0.0,0.0,0.0
36,0,0.0,0.0,0.0,0.0,0,0.0,0.0,0.0,0.0,0.0,0.0,0.0,0.0,0.0,0.0,0.0,0.0,0.0,0.0,0.0,33,38,8,0.0,0.0,0.0,0.0,0.0,0.0,0.0,0.0,0.0
36,0,0.0,0.0,0.0,0.0,0,0.0,0.0,0.0,0.0,0.0,0.0,0.0,0.0,0.0,0.0,0.0,0.0,0.0,0.0,0.0,9,20,37,0.0,0.0,0.0,0.0,0.0,0.0,0.0,0.0,0.0
36,0,0.0,0.0,0.0,0.0,0,0.0,0.0,0.0,0.0,0.0,0.0,0.0,0.0,0.0,0.0,0.0,0.0,0.0,0.0,0.0,11,24,6,0.0,0.0,0.0,0.0,0.0,0.0,0.0,0.0,0.0
36,0,0.0,0.0,0.0,0.0,0,0.0,0.0,0.0,0.0,0.0,0.0,0.0,0.0,0.0,0.0,0.0,0.0,0.0,0.0,0.0,10,23,60,0.0,0.0,0.0,0.0,0.0,0.0,0.0,0.0,0.0
36,0,0.0,0.0,0.0,0.0,0,0.0,0.0,0.0,0.0,0.0,0.0,0.0,0.0,0.0,0.0,0.0,0.0,0.0,0.0,0.0,67,14,64,0.0,0.0,0.0,0.0,0.0,0.0,0.0,0.0,0.0
49,0,0.0,0.0,0.0,0.0,0,0.0,0.0,0.0,0.0,0.0,0.0,0.0,0.0,0.0,0.0,0.0,0.0,0.0,0.0,0.0,45,10,28,0.0,0.0,0.0,0.0,0.0,0.0,0.0,0.0,0.0
49,0,0.0,0.0,0.0,0.0,0,0.0,0.0,0.0,0.0,0.0,0.0,0.0,0.0,0.0,0.0,0.0,0.0,0.0,0.0,0.0,40,5,33,0.0,0.0,0.0,0.0,0.0,0.0,0.0,0.0,0.0
49,0,0.0,0.0,0.0,0.0,0,0.0,0.0,0.0,0.0,0.0,0.0,0.0,0.0,0.0,0.0,0.0,0.0,0.0,0.0,0.0,53,27,51,0.0,0.0,0.0,0.0,0.0,0.0,0.0,0.0,0.0
49,0,0.0,0.0,0.0,0.0,0,0.0,0.0,0.0,0.0,0.0,0.0,0.0,0.0,0.0,0.0,0.0,0.0,0.0,0.0,0.0,15,12,13,0.0,0.0,0.0,0.0,0.0,0.0,0.0,0.0,0.0
49,0,0.0,0.0,0.0,0.0,0,0.0,0.0,0.0,0.0,0.0,0.0,0.0,0.0,0.0,0.0,0.0,0.0,0.0,0.0,0.0,77,26,17,0.0,0.0,0.0,0.0,0.0,0.0,0.0,0.0,0.0
49,0,0.0,0.0,0.0,0.0,0,0.0,0.0,0.0,0.0,0.0,0.0,0.0,0.0,0.0,0.0,0.0,0.0,0.0,0.0,0.0,66,1,19,0.0,0.0,0.0,0.0,0.0,0.0,0.0,0.0,0.0
49,0,0.0,0.0,0.0,0.0,0,0.0,0.0,0.0,0.0,0.0,0.0,0.0,0.0,0.0,0.0,0.0,0.0,0.0,0.0,0.0,65,1,12,0.0,0.0,0.0,0.0,0.0,0.0,0.0,0.0,0.0
49,0,0.0,0.0,0.0,0.0,0,0.0,0.0,0.0,0.0,0.0,0.0,0.0,0.0,0.0,0.0,0.0,0.0,0.0,0.0,0.0,78,1,43,0.0,0.0,0.0,0.0,0.0,0.0,0.0,0.0,0.0
49,0,0.0,0.0,0.0,0.0,0,0.0,0.0,0.0,0.0,0.0,0.0,0.0,0.0,0.0,0.0,0.0,0.0,0.0,0.0,0.0,51,1,35,0.0,0.0,0.0,0.0,0.0,0.0,0.0,0.0,0.0
3,0,0.0,0.0,0.0,0.0,0,0.0,0.0,0.0,0.0,0.0,0.0,0.0,0.0,0.0,0.0,0.0,0.0,0.0,0.0,0.0,5,13,48,0.0,0.0,0.0,0.0,0.0,0.0,0.0,0.0,0.0
3,0,0.0,0.0,0.0,0.0,0,0.0,0.0,0.0,0.0,0.0,0.0,0.0,0.0,0.0,0.0,0.0,0.0,0.0,0.0,0.0,18,1,50,0.0,0.0,0.0,0.0,0.0,0.0,0.0,0.0,0.0
3,0,0.0,0.0,0.0,0.0,0,0.0,0.0,0.0,0.0,0.0,0.0,0.0,0.0,0.0,0.0,0.0,0.0,0.0,0.0,0.0,62,28,18,0.0,0.0,0.0,0.0,0.0,0.0,0.0,0.0,0.0
28,0,0.0,0.0,0.0,0.0,0,0.0,0.0,0.0,0.0,0.0,0.0,0.0,0.0,0.0,0.0,0.0,0.0,0.0,0.0,0.0,31,32,16,0.0,0.0,0.0,0.0,0.0,0.0,0.0,0.0,0.0
28,0,0.0,0.0,0.0,0.0,0,0.0,0.0,0.0,0.0,0.0,0.0,0.0,0.0,0.0,0.0,0.0,0.0,0.0,0.0,0.0,30,36,44,0.0,0.0,0.0,0.0,0.0,0.0,0.0,0.0,0.0
28,0,0.0,0.0,0.0,0.0,0,0.0,0.0,0.0,0.0,0.0,0.0,0.0,0.0,0.0,0.0,0.0,0.0,0.0,0.0,0.0,41,37,24,0.0,0.0,0.0,0.0,0.0,0.0,0.0,0.0,0.0
28,0,0.0,0.0,0.0,0.0,0,0.0,0.0,0.0,0.0,0.0,0.0,0.0,0.0,0.0,0.0,0.0,0.0,0.0,0.0,0.0,16,1,3,0.0,0.0,0.0,0.0,0.0,0.0,0.0,0.0,0.0
28,0,0.0,0.0,0.0,0.0,0,0.0,0.0,0.0,0.0,0.0,0.0,0.0,0.0,0.0,0.0,0.0,0.0,0.0,0.0,0.0,56,1,42,0.0,0.0,0.0,0.0,0.0,0.0,0.0,0.0,0.0
28,0,0.0,0.0,0.0,0.0,0,0.0,0.0,0.0,0.0,0.0,0.0,0.0,0.0,0.0,0.0,0.0,0.0,0.0,0.0,0.0,57,1,58,0.0,0.0,0.0,0.0,0.0,0.0,0.0,0.0,0.0
37,0,0.0,0.0,0.0,0.0,0,0.0,0.0,0.0,0.0,0.0,0.0,0.0,0.0,0.0,0.0,0.0,0.0,0.0,0.0,0.0,49,31,52,0.0,0.0,0.0,0.0,0.0,0.0,0.0,0.0,0.0
37,0,0.0,0.0,0.0,0.0,0,0.0,0.0,0.0,0.0,0.0,0.0,0.0,0.0,0.0,0.0,0.0,0.0,0.0,0.0,0.0,48,34,53,0.0,0.0,0.0,0.0,0.0,0.0,0.0,0.0,0.0
37,0,0.0,0.0,0.0,0.0,0,0.0,0.0,0.0,0.0,0.0,0.0,0.0,0.0,0.0,0.0,0.0,0.0,0.0,0.0,0.0,2,33,55,0.0,0.0,0.0,0.0,0.0,0.0,0.0,0.0,0.0
37,0,0.0,0.0,0.0,0.0,0,0.0,0.0,0.0,0.0,0.0,0.0,0.0,0.0,0.0,0.0,0.0,0.0,0.0,0.0,0.0,42,33,1,0.0,0.0,0.0,0.0,0.0,0.0,0.0,0.0,0.0
37,0,0.0,0.0,0.0,0.0,0,0.0,0.0,0.0,0.0,0.0,0.0,0.0,0.0,0.0,0.0,0.0,0.0,0.0,0.0,0.0,43,30,2,0.0,0.0,0.0,0.0,0.0,0.0,0.0,0.0,0.0
37,0,0.0,0.0,0.0,0.0,0,0.0,0.0,0.0,0.0,0.0,0.0,0.0,0.0,0.0,0.0,0.0,0.0,0.0,0.0,0.0,68,1,56,0.0,0.0,0.0,0.0,0.0,0.0,0.0,0.0,0.0
37,0,0.0,0.0,0.0,0.0,0,0.0,0.0,0.0,0.0,0.0,0.0,0.0,0.0,0.0,0.0,0.0,0.0,0.0,0.0,0.0,29,1,54,0.0,0.0,0.0,0.0,0.0,0.0,0.0,0.0,0.0
15,0,0.0,0.0,0.0,0.0,0,0.0,0.0,0.0,0.0,0.0,0.0,0.0,0.0,0.0,0.0,0.0,0.0,0.0,0.0,0.0,24,9,9,0.0,0.0,0.0,0.0,0.0,0.0,0.0,0.0,0.0
22,0,0.0,0.0,0.0,0.0,0,0.0,0.0,0.0,0.0,0.0,0.0,0.0,0.0,0.0,0.0,0.0,0.0,0.0,0.0,0.0,17,19,57,0.0,0.0,0.0,0.0,0.0,0.0,0.0,0.0,0.0
22,0,0.0,0.0,0.0,0.0,0,0.0,0.0,0.0,0.0,0.0,0.0,0.0,0.0,0.0,0.0,0.0,0.0,0.0,0.0,0.0,63,1,38,0.0,0.0,0.0,0.0,0.0,0.0,0.0,0.0,0.0
22,0,0.0,0.0,0.0,0.0,0,0.0,0.0,0.0,0.0,0.0,0.0,0.0,0.0,0.0,0.0,0.0,0.0,0.0,0.0,0.0,64,1,72,0.0,0.0,0.0,0.0,0.0,0.0,0.0,0.0,0.0
22,0,0.0,0.0,0.0,0.0,0,0.0,0.0,0.0,0.0,0.0,0.0,0.0,0.0,0.0,0.0,0.0,0.0,0.0,0.0,0.0,8,13,71,0.0,0.0,0.0,0.0,0.0,0.0,0.0,0.0,0.0
50,0,0.0,0.0,0.0,0.0,0,0.0,0.0,0.0,0.0,0.0,0.0,0.0,0.0,0.0,0.0,0.0,0.0,0.0,0.0,0.0,61,7,67,0.0,0.0,0.0,0.0,0.0,0.0,0.0,0.0,0.0
25,0,0.0,0.0,0.0,0.0,0,0.0,0.0,0.0,0.0,0.0,0.0,0.0,0.0,0.0,0.0,0.0,0.0,0.0,0.0,0.0,34,8,7,0.0,0.0,0.0,0.0,0.0,0.0,0.0,0.0,0.0
25,0,0.0,0.0,0.0,0.0,0,0.0,0.0,0.0,0.0,0.0,0.0,0.0,0.0,0.0,0.0,0.0,0.0,0.0,0.0,0.0,70,15,68,0.0,0.0,0.0,0.0,0.0,0.0,0.0,0.0,0.0
25,0,0.0,0.0,0.0,0.0,0,0.0,0.0,0.0,0.0,0.0,0.0,0.0,0.0,0.0,0.0,0.0,0.0,0.0,0.0,0.0,35,1,31,0.0,0.0,0.0,0.0,0.0,0.0,0.0,0.0,0.0
20,0,0.0,0.0,0.0,0.0,0,0.0,0.0,0.0,0.0,0.0,0.0,0.0,0.0,0.0,0.0,0.0,0.0,0.0,0.0,0.0,25,5,76,0.0,0.0,0.0,0.0,0.0,0.0,0.0,0.0,0.0
20,0,0.0,0.0,0.0,0.0,0,0.0,0.0,0.0,0.0,0.0,0.0,0.0,0.0,0.0,0.0,0.0,0.0,0.0,0.0,0.0,37,11,21,0.0,0.0,0.0,0.0,0.0,0.0,0.0,0.0,0.0
20,0,0.0,0.0,0.0,0.0,0,0.0,0.0,0.0,0.0,0.0,0.0,0.0,0.0,0.0,0.0,0.0,0.0,0.0,0.0,0.0,23,4,20,0.0,0.0,0.0,0.0,0.0,0.0,0.0,0.0,0.0
42,0,0.0,0.0,0.0,0.0,0,0.0,0.0,0.0,0.0,0.0,0.0,0.0,0.0,0.0,0.0,0.0,0.0,0.0,0.0,0.0,69,1,59,0.0,0.0,0.0,0.0,0.0,0.0,0.0,0.0,0.0
6,0,0.0,0.0,0.0,0.0,0,0.0,0.0,0.0,0.0,0.0,0.0,0.0,0.0,0.0,0.0,0.0,0.0,0.0,0.0,0.0,75,3,26,0.0,0.0,0.0,0.0,0.0,0.0,0.0,0.0,0.0
4,0,0.0,0.0,0.0,0.0,0,0.0,0.0,0.0,0.0,0.0,0.0,0.0,0.0,0.0,0.0,0.0,0.0,0.0,0.0,0.0,55,6,34,0.0,0.0,0.0,0.0,0.0,0.0,0.0,0.0,0.0
4,0,0.0,0.0,0.0,0.0,0,0.0,0.0,0.0,0.0,0.0,0.0,0.0,0.0,0.0,0.0,0.0,0.0,0.0,0.0,0.0,44,1,22,0.0,0.0,0.0,0.0,0.0,0.0,0.0,0.0,0.0
24,0,0.0,0.0,0.0,0.0,0,0.0,0.0,0.0,0.0,0.0,0.0,0.0,0.0,0.0,0.0,0.0,0.0,0.0,0.0,0.0,59,16,45,0.0,0.0,0.0,0.0,0.0,0.0,0.0,0.0,0.0
24,0,0.0,0.0,0.0,0.0,0,0.0,0.0,0.0,0.0,0.0,0.0,0.0,0.0,0.0,0.0,0.0,0.0,0.0,0.0,0.0,58,21,40,0.0,0.0,0.0,0.0,0.0,0.0,0.0,0.0,0.0
14,0,0.0,0.0,0.0,0.0,0,0.0,0.0,0.0,0.0,0.0,0.0,0.0,0.0,0.0,0.0,0.0,0.0,0.0,0.0,0.0,4,17,46,0.0,0.0,0.0,0.0,0.0,0.0,0.0,0.0,0.0
14,0,0.0,0.0,0.0,0.0,0,0.0,0.0,0.0,0.0,0.0,0.0,0.0,0.0,0.0,0.0,0.0,0.0,0.0,0.0,0.0,22,18,73,0.0,0.0,0.0,0.0,0.0,0.0,0.0,0.0,0.0
14,0,0.0,0.0,0.0,0.0,0,0.0,0.0,0.0,0.0,0.0,0.0,0.0,0.0,0.0,0.0,0.0,0.0,0.0,0.0,0.0,19,1,11,0.0,0.0,0.0,0.0,0.0,0.0,0.0,0.0,0.0
16,0,0.0,0.0,0.0,0.0,0,0.0,0.0,0.0,0.0,0.0,0.0,0.0,0.0,0.0,0.0,0.0,0.0,0.0,0.0,0.0,26,5,15,0.0,0.0,0.0,0.0,0.0,0.0,0.0,0.0,0.0
31,0,0.0,0.0,0.0,0.0,0,0.0,0.0,0.0,0.0,0.0,0.0,0.0,0.0,0.0,0.0,0.0,0.0,0.0,0.0,0.0,54,1,25,0.0,0.0,0.0,0.0,0.0,0.0,0.0,0.0,0.0
46,0,0.0,0.0,0.0,0.0,0,0.0,0.0,0.0,0.0,0.0,0.0,0.0,0.0,0.0,0.0,0.0,0.0,0.0,0.0,0.0,47,1,49,0.0,0.0,0.0,0.0,0.0,0.0,0.0,0.0,0.0
46,0,0.0,0.0,0.0,0.0,0,0.0,0.0,0.0,0.0,0.0,0.0,0.0,0.0,0.0,0.0,0.0,0.0,0.0,0.0,0.0,46,1,23,0.0,0.0,0.0,0.0,0.0,0.0,0.0,0.0,0.0
7,0,0.0,0.0,0.0,0.0,0,0.0,0.0,0.0,0.0,0.0,0.0,0.0,0.0,0.0,0.0,0.0,0.0,0.0,0.0,0.0,28,6,70,0.0,0.0,0.0,0.0,0.0,0.0,0.0,0.0,0.0
7,0,0.0,0.0,0.0,0.0,0,0.0,0.0,0.0,0.0,0.0,0.0,0.0,0.0,0.0,0.0,0.0,0.0,0.0,0.0,0.0,27,2,69,0.0,0.0,0.0,0.0,0.0,0.0,0.0,0.0,0.0
21,0,0.0,0.0,0.0,0.0,0,0.0,0.0,0.0,0.0,0.0,0.0,0.0,0.0,0.0,0.0,0.0,0.0,0.0,0.0,0.0,12,6,61,0.0,0.0,0.0,0.0,0.0,0.0,0.0,0.0,0.0
43,0,0.0,0.0,0.0,0.0,0,0.0,0.0,0.0,0.0,0.0,0.0,0.0,0.0,0.0,0.0,0.0,0.0,0.0,0.0,0.0,39,1,47,0.0,0.0,0.0,0.0,0.0,0.0,0.0,0.0,0.0
43,0,0.0,0.0,0.0,0.0,0,0.0,0.0,0.0,0.0,0.0,0.0,0.0,0.0,0.0,0.0,0.0,0.0,0.0,0.0,0.0,38,1,47,0.0,0.0,0.0,0.0,0.0,0.0,0.0,0.0,0.0
43,0,0.0,0.0,0.0,0.0,0,0.0,0.0,0.0,0.0,0.0,0.0,0.0,0.0,0.0,0.0,0.0,0.0,0.0,0.0,0.0,14,29,63,0.0,0.0,0.0,0.0,0.0,0.0,0.0,0.0,0.0
32,0,0.0,0.0,0.0,0.0,0,0.0,0.0,0.0,0.0,0.0,0.0,0.0,0.0,0.0,0.0,0.0,0.0,0.0,0.0,0.0,60,1,30,0.0,0.0,0.0,0.0,0.0,0.0,0.0,0.0,0.0
33,0,0.0,0.0,0.0,0.0,0,0.0,0.0,0.0,0.0,0.0,0.0,0.0,0.0,0.0,0.0,0.0,0.0,0.0,0.0,0.0,50,10,36,0.0,0.0,0.0,0.0,0.0,0.0,0.0,0.0,0.0
33,0,0.0,0.0,0.0,0.0,0,0.0,0.0,0.0,0.0,0.0,0.0,0.0,0.0,0.0,0.0,0.0,0.0,0.0,0.0,0.0,52,35,29,0.0,0.0,0.0,0.0,0.0,0.0,0.0,0.0,0.0
33,0,0.0,0.0,0.0,0.0,0,0.0,0.0,0.0,0.0,0.0,0.0,0.0,0.0,0.0,0.0,0.0,0.0,0.0,0.0,0.0,36,1,27,0.0,0.0,0.0,0.0,0.0,0.0,0.0,0.0,0.0
45,0,0.0,0.0,0.0,0.0,0,0.0,0.0,0.0,0.0,0.0,0.0,0.0,0.0,0.0,0.0,0.0,0.0,0.0,0.0,0.0,20,1,65,0.0,0.0,0.0,0.0,0.0,0.0,0.0,0.0,0.0
10,0,0.0,0.0,0.0,0.0,0,0.0,0.0,0.0,0.0,0.0,0.0,0.0,0.0,0.0,0.0,0.0,0.0,0.0,0.0,0.0,74,20,62,0.0,0.0,0.0,0.0,0.0,0.0,0.0,0.0,0.0
23,0,0.0,0.0,0.0,0.0,0,0.0,0.0,0.0,0.0,0.0,0.0,0.0,0.0,0.0,0.0,0.0,0.0,0.0,0.0,0.0,73,1,75,0.0,0.0,0.0,0.0,0.0,0.0,0.0,0.0,0.0
23,0,0.0,0.0,0.0,0.0,0,0.0,0.0,0.0,0.0,0.0,0.0,0.0,0.0,0.0,0.0,0.0,0.0,0.0,0.0,0.0,3,0,74,0.0,0.0,0.0,0.0,0.0,0.0,0.0,0.0,0.0
29,0,0.0,0.0,0.0,0.0,0,0.0,0.0,0.0,0.0,0.0,0.0,0.0,0.0,0.0,0.0,0.0,0.0,0.0,0.0,0.0,72,0,66,0.0,0.0,0.0,0.0,0.0,0.0,0.0,0.0,0.0
29,0,0.0,0.0,0.0,0.0,0,0.0,0.0,0.0,0.0,0.0,0.0,0.0,0.0,0.0,0.0,0.0,0.0,0.0,0.0,0.0,71,0,4,0.0,0.0,0.0,0.0,0.0,0.0,0.0,0.0,0.0
9,0,0.0,0.0,0.0,0.0,0,0.0,0.0,0.0,0.0,0.0,0.0,0.0,0.0,0.0,0.0,0.0,0.0,0.0,0.0,0.0,7,25,14,0.0,0.0,0.0,0.0,0.0,0.0,0.0,0.0,0.0
9,0,0.0,0.0,0.0,0.0,0,0.0,0.0,0.0,0.0,0.0,0.0,0.0,0.0,0.0,0.0,0.0,0.0,0.0,0.0,0.0,6,22,41,0.0,0.0,0.0,0.0,0.0,0.0,0.0,0.0,0.0
9,0,0.0,0.0,0.0,0.0,0,0.0,0.0,0.0,0.0,0.0,0.0,0.0,0.0,0.0,0.0,0.0,0.0,0.0,0.0,0.0,76,1,32,0.0,0.0,0.0,0.0,0.0,0.0,0.0,0.0,0.0
11,0,0.0,0.0,0.0,0.0,0,0.0,0.0,0.0,0.0,0.0,0.0,0.0,0.0,0.0,0.0,0.0,0.0,0.0,0.0,0.0,21,1,39,0.0,0.0,0.0,0.0,0.0,0.0,0.0,0.0,0.0
40,0,0.0,0.0,0.0,0.0,0,0.0,0.0,0.0,0.0,0.0,0.0,0.0,0.0,0.0,0.0,0.0,0.0,0.0,0.0,0.0,1,1,0,0.0,100.0,101.0,99.0,105.0,112.0,121.0,117.0,110.0
49,0,0.0,0.0,0.0,0.0,0,0.0,0.0,0.0,0.0,0.0,0.0,0.0,0.0,0.0,0.0,0.0,0.0,0.0,0.0,0.0,1,1,0,0.0,100.0,101.0,112.0,115.0,117.0,127.0,120.0,108.0
8,0,0.0,0.0,0.0,0.0,0,0.0,0.0,0.0,0.0,0.0,0.0,0.0,0.0,0.0,0.0,0.0,0.0,0.0,0.0,0.0,1,1,0,0.0,100.0,107.0,110.0,115.0,113.0,123.0,122.0,136.0
38,0,0.0,0.0,0.0,0.0,0,0.0,0.0,0.0,0.0,0.0,0.0,0.0,0.0,0.0,0.0,0.0,0.0,0.0,0.0,0.0,1,1,0,0.0,100.0,108.0,134.0,124.0,124.0,146.0,137.0,129.0
47,0,0.0,0.0,0.0,0.0,0,0.0,0.0,0.0,0.0,0.0,0.0,0.0,0.0,0.0,0.0,0.0,0.0,0.0,0.0,0.0,1,1,0,0.0,100.0,109.0,103.0,118.0,113.0,124.0,128.0,115.0
17,0,0.0,0.0,0.0,0.0,0,0.0,0.0,0.0,0.0,0.0,0.0,0.0,0.0,0.0,0.0,0.0,0.0,0.0,0.0,0.0,1,1,0,0.0,100.0,99.0,99.0,98.0,102.0,104.0,114.0,119.0
30,0,0.0,0.0,0.0,0.0,0,0.0,0.0,0.0,0.0,0.0,0.0,0.0,0.0,0.0,0.0,0.0,0.0,0.0,0.0,0.0,1,1,0,0.0,100.0,97.0,98.0,98.0,98.0,112.0,123.0,124.0
12,0,0.0,0.0,0.0,0.0,0,0.0,0.0,0.0,0.0,0.0,0.0,0.0,0.0,0.0,0.0,0.0,0.0,0.0,0.0,0.0,1,1,0,0.0,100.0,102.0,101.0,100.0,99.0,116.0,133.0,137.0
34,0,0.0,0.0,0.0,0.0,0,0.0,0.0,0.0,0.0,0.0,0.0,0.0,0.0,0.0,0.0,0.0,0.0,0.0,0.0,0.0,1,1,0,0.0,100.0,86.0,85.0,97.0,104.0,103.0,99.0,102.0
44,0,0.0,0.0,0.0,0.0,0,0.0,0.0,0.0,0.0,0.0,0.0,0.0,0.0,0.0,0.0,0.0,0.0,0.0,0.0,0.0,1,1,0,0.0,100.0,96.0,91.0,87.0,80.0,81.0,109.0,107.0
13,0,0.0,0.0,0.0,0.0,0,0.0,0.0,0.0,0.0,0.0,0.0,0.0,0.0,0.0,0.0,0.0,0.0,0.0,0.0,0.0,1,1,0,0.0,100.0,92.0,91.0,96.0,109.0,107.0,138.0,140.0
2,0,0.0,0.0,0.0,0.0,0,0.0,0.0,0.0,0.0,0.0,0.0,0.0,0.0,0.0,0.0,0.0,0.0,0.0,0.0,0.0,1,1,0,0.0,100.0,99.0,101.0,104.0,106.0,115.0,123.0,122.0
0,0,0.0,0.0,0.0,0.0,0,0.0,0.0,0.0,0.0,0.0,0.0,0.0,0.0,0.0,0.0,0.0,0.0,0.0,0.0,0.0,1,1,0,0.0,0.0,0.0,0.0,0.0,0.0,0.0,0.0,0.0
